<?xml version="1.0" encoding="UTF-8" standalone="yes"?>
<addon id="script.mattctv.allinone" name="MattCTV All-in-One Wizard" version="3.0.0" provider-name="MattCTV">
	<requires>
		<import addon="xbmc.python" version="3.0.0"/>
		<import addon="script.module.pyxbmct" version="1.3.0" />
	</requires>
	<extension point="xbmc.python.script" library="wizard.py">
		<provides>executable</provides>
	</extension>
	<extension point="xbmc.service" library="service.py" start="startup" />
	<extension point="xbmc.addon.metadata">
		<platform>all</platform>
		<summary lang="en">Activate MattCTV</summary>
		<description lang="en">MattCTV All-in-One Wizard</description>
		<email>kodi@mattctv.net</email>
	</extension>
</addon>