<?xml version="1.0" encoding="UTF-8" standalone="yes"?>
<addon id="repository.mattctv" name="MattCTV Repository" version="1.0.0" provider-name="MattCTV">
<extension point="xbmc.addon.repository" name="MattCTV Add-On Repository">
  
    <dir>
            <info compressed="false">http://repo.mattctv.net/zips/master/addons.xml</info>
            <checksum>http://repo.mattctv.net/zips/master/addons.xml.md5</checksum>
            <datadir zip="true">http://repo.mattctv.net/zips/master</datadir>
    </dir>

</extension>
<extension point="xbmc.addon.metadata">
<summary>Install all MattCTV Addons</summary>
<description>Download and install addons from MattCTV</description>
<platform>all</platform>
</extension>
</addon>