<?xml version="1.0" encoding="UTF-8" standalone="yes"?>
<addon id="repository.mattctv" name="MattCTV Add-On Repository" version="1.0.0" provider-name="MattCTV">
    <requires>
        <import addon="xbmc.addon" version="12.0.0"/>
    </requires>
    <extension point="xbmc.addon.repository" name="MattCTV Add-On Repository">
        <info compressed="false">http://repo.mattctv.net/zips/master/addons.xml</info>
        <checksum>http://repo.mattctv.net/zips/master/addons.xml.md5</checksum>
        <datadir zip="true">http://repo.mattctv.net/zips/master</datadir>
        <hashes>false</hashes>
    </extension>
</addon>